,User,ETH before hack,alETH before hack,% not recovered by user,is_multisig,ETH to recover
1,0x274d9E726844AB52E351e8F1272e7fc3f58B7E5F,1019.8505183721753,1985.0947539009583,100.0,False,3003.23665610577
2,0xC4e24fF2DEe71Ff59A3BBb84989a1d2d2426b201,454.9341425598529,885.5095560547923,100.0,False,1339.6815204159186
3,0x213657bCcC5CF8b74455d110C11D5A8eD6241DEC,340.1922479831709,662.1694401519374,100.0,False,1001.791743849701
5,0xb234615391112ED2d7D59ed10F9b755D756a1306,242.35704870806575,471.7374725947154,100.0,False,713.6884861395515
6,0x605B5F6549538a94Bd2653d1EE67612a47039da0,157.29867310201575,306.1750375621641,100.0,False,463.21017885130595
7,0x0480B924a6F1018863e318Af33c15F01619B7F2f,146.714106359078,285.57263796025234,100.0,False,432.04094545999794
8,0x3bCF3Db69897125Aa61496Fc8a8B55A5e3f245d5,146.67683073453395,285.5000825755193,100.0,True,431.9311769007894
9,0xdB68C0F5F08Bbe0f4dd18c9cf409B2E46316d69E,105.38215780486621,205.1217946597754,100.0,False,310.3273994744402
10,0xB2E583B8315dD01A02996E76f879C7E98D60B368,96.01188837731493,186.88297205961615,100.0,False,282.73400601583177
11,0xe32e3BD2EC560513CaB4757564cA50D13cAF9F7F,93.10382669132622,181.22255625074766,100.0,False,274.1704005694982
12,0xB76bF854Ef3A9105A2FFe204608d06C7A5259604,80.87762561184071,157.4247866896129,100.0,False,238.1669132099603
13,0x3C57CB6C743b190cec13CD804afD753531B94ea8,71.98612100618611,140.11785902815143,100.0,False,211.98337740879467
14,0x562C0bc16A7BBe9Fb73902694D3AF8cb24Aa3768,68.27242791166684,132.88931666167286,100.0,False,201.04736371848537
15,0xCA9227f33b4f395cCc77abAf9eb7BcCe411CD07d,64.88993386741315,126.30543886645769,100.0,False,191.08665877225812
16,0x138Dd537D56F2F2761a6fC0A2A0AcE67D55480FE,58.06782366783746,113.0264975669742,100.0,False,170.99703675974874
17,0x5bDF2dF91ca26331e718Ae3AC7cdba360eE6b950,51.59482157087345,100.42708003156636,100.0,False,151.93546173238028
18,0x9BD874C46C7D73de48A7bdacF7f18882ec2c49b0,34.455432707229384,67.06600377051359,100.0,False,101.46371124417536
19,0x1B72Bac3772050FDCaF468CcE7e20deb3cB02d89,34.1425489257139,66.45698907465557,100.0,False,100.54233695959087
20,0x238B4d4EBd41c8570bFa2Fc859caD272e1042502,34.0192634306932,66.2170192114365,100.0,False,100.17928814886587
21,0x593f89adc9EBdC9C65EeEf70bA64Db7F239498C2,33.95070604778012,66.0835752422368,100.0,False,99.97740165500998
22,0xA99b8aE7696aAC49f5208cCF79fd1983db2d7FBc,28.263604759707796,55.01387950890985,100.0,False,83.23013257229503
23,0x79dE94216395eAFe072B8B50216b5648eDb3f609,26.375411308587037,51.33859293833214,100.0,False,77.66981595327134
24,0xf08214cbe3527cf4FD65bfcE128e32C6EEdd2174,25.843131179680988,50.302532778080774,100.0,False,76.10236742463907
25,0x27bE856E8B8d24220E53B933e29D46A477858cE7,23.86346142930545,46.449191562743195,100.0,True,70.2726731172799
26,0x95DB1EC5EfB15ED00781B9D5e95903B5AE7e80E3,23.831959631538346,46.387874681142016,100.0,False,70.17990721474507
27,0xa05527778c5d874ff4926AF98d162E3fbf4d96DB,22.620544604390826,44.02990792830289,100.0,False,66.61255499032906
28,0x91a88dd9C43E1E6D580Abe4C54F1B6b53900A644,19.5497297523222,38.05270014811524,100.0,False,57.569677076645455
29,0x88aAF4a728e14748cea5e9A3cA1306Ac567ba472,17.14236153492771,33.36686243663824,100.0,False,50.48050435478121
30,0x738671901aFfbc417FA370CF936e461BB5315bd0,15.252986258584947,29.689275494578677,100.0,False,44.91670751903567
31,0xa12358e39c9cA9d190a5c60130a64c06211bCcBa,13.695398870630523,26.65749927162217,100.0,False,40.3299534268191
32,0xB2fbF923588764859c3a7aD2DDf90e4d24ED3005,13.54178251584119,26.35849170677588,100.0,False,39.877586869789695
33,0x6763DF505F7F343FbF69f8D5d87433dCdAE2195A,12.653199201897591,24.628902866904685,100.0,False,37.26090341239551
34,0x0175C38d00a114Bd29FBcaf832e7B1a21033644C,11.905411856535762,23.17336726676532,100.0,False,35.058833279463435
35,0x77299Cf68685B96a529D392C7d8EdfC94CBDCC15,11.605188757007088,22.58899603869014,100.0,False,34.17474193345582
37,0xF9A0106251467FFF1Ff03e8609aa74fc55A2a45E,10.162475566123215,19.780817452696464,100.0,False,29.92626721970509
38,0xB97F255b37eEf7D47DBE1deBBECD1f2eCFC37Abe,8.542280886765353,16.627178855321322,100.0,False,25.155148351381513
39,0x6cEaa647f9E67faeA9EDb996Cf1e971BfC35da05,7.540330415383051,14.67692576569769,100.0,False,22.204623417530694
40,0xe651B64F2C2ad84603a8548B37d0173d417958AF,6.830652761958315,13.295569026258276,100.0,False,20.11477798980449
41,0xd179fDCdf88593DdC4d90Ef466563eBBfAbaDC0a,6.828464683560125,13.291310026658708,100.0,False,20.10833457762448
42,0x2fec662b176b5e37A34Ec918010267ca05dC9b5C,5.776169389039678,11.243062924680084,100.0,False,17.00955515395394
43,0xf872703F1C8f93fA186869Bac83BAC5A0c87C3c8,5.687040037847771,11.069576512424241,100.0,False,16.74708871420382
44,0x1CA1D9F2923Da6ECf7Ee14eC5ABf9C66FF6b0C05,5.294713520828013,10.305929981170584,100.0,False,15.591772953854262
45,0xDf4CeF95B19a59e9d2E25F76e3020F9eB52A81c7,5.098027998023743,9.923090150770514,100.0,False,15.012577119592253
47,0x574fb6a08599def6588A7815D670A948B6ef8646,3.739232295586941,7.278253312489751,100.0,False,11.011221050047181
48,0x3D49c72784c4558366c3088779E3d26D2C5E1702,3.435818965755484,6.687672439644375,100.0,False,10.117735173748976
49,0xBC21047CE5935AF898F3C578127f2A91de61ae95,2.765582817981904,5.383086878474337,100.0,False,8.144036351245486
50,0x5A85DE2d663d78286D1F509f1e71954a6E74DC24,2.018355139385761,3.9286406453946308,100.0,False,5.9436143144957665
51,0x794a15F93CEd01F1B0bE5b184344F0B811851BC0,1.9910699747992546,3.8755312572007106,100.0,False,5.863265474172706
52,0x88263dDbBab4236D4a5169B200F1cf5dF08f8123,1.9124896704640981,3.722578106630527,100.0,False,5.63186366952003
53,0x10D7C5d789e04F0B62D93FA141Ab2F8c73547918,1.6984748505715508,3.306007551855639,100.0,False,5.001636846595949
54,0x7E847356f13e2c86aEB08522020789A8364D6086,1.6740603620391792,3.2584858099614022,100.0,False,4.9297415192125555
55,0xcf2647d1eFabc54dB8CF9263A6629519061e76B2,1.631564090266671,3.175768662069372,100.0,False,4.804599296077013
56,0x084d0cd0605f47D92Dc2DFD22238e9c5605023E9,1.5293239979660709,2.9767627614907086,100.0,False,4.503524592098927
57,0x268893Bf0047c3376dDA9D94Cd1d9C7c10eC2EE8,1.4202976987660947,2.7645478038275426,100.0,False,4.18246599347258
58,0xD62C6F55c955A033d97D70d73C156a58367D61e0,1.346140511049456,2.620204057711382,100.0,False,3.9640892995823767
60,0x1928c92C7b9d9A9699776f9Fb57aD6C84b44bE33,1.0947569090100688,2.130896790974272,100.0,False,3.2238195886902146
61,0x77fb352A851FAa6A1a3AEBAf70E10de6Af50962B,1.0546489266094075,2.05282834464923,100.0,False,3.1057103552504235
62,0x94dA015A898C2cC4DB84F4C6897f5B35b092CD37,1.0198899822326393,1.9851715685919005,100.0,False,3.0033528685410262
63,0x0C19A07242755b3F107cfB4C74d236a18548541F,1.0196367607535857,1.9846786839773525,100.0,False,3.002607186684413
64,0xAC87234B21240CdA556bc4EE81eFd9E370fA1696,0.8919549741509765,1.7361516300733162,100.0,False,2.6266122590610155
65,0x2330eB2d92167c3b6B22690c03b508E0CA532980,0.7721080482742252,1.5028747923963297,100.0,False,2.273689282182848
66,0xD38beB126F7ABd25fDbA3B2Ef4eE07a113EE83FE,0.758843596523599,1.4770561129828321,100.0,False,2.2346283737428427
67,0xB9E8C62F360897EA8648FC6f4d98EdDC71D7A8F9,0.6824199399769939,1.3283007836952205,100.0,False,2.009577425001114
68,0x8a7F162dAaC546997cc36B6B7C528A21800507B9,0.6817864365355062,1.3270676967519668,100.0,False,2.0077118959623275
69,0x035Fc3B0ec2487c1c9dEF561F578ec77a06B1b12,0.6799258412823833,1.3234461288755268,100.0,False,2.002232849998539
70,0x25Bb02dC1FFA8d7F7725484D824EaC95902a34Fe,0.5433976522219324,1.0576999366824908,100.0,False,1.6001872025319421
72,0x19C29401044097D450D25038a45898A57a7CeA6E,0.33409551274039534,0.6503024097113642,100.0,False,0.9838381923891392
73,0x0F51bDF7Af73eBA84ba964299dF4c16043224F3E,0.30598503702360874,0.5955865892359076,100.0,False,0.9010589913470349
74,0x31896bA604b9110F747654fe5Eb0992882Cd73Ad,0.24690395517439317,0.4805878286127638,100.0,False,0.7270781309213719
75,0x1bc371d79c5D3DaD6a9C2CE7EF7251C3A956527b,0.1707110845775689,0.3322817141560816,100.0,False,0.5027067963109397
77,0x5736d2bDc9483D5B4C654FDF7aecEeE6c5959C92,0.10206000542543939,0.1986553692952171,100.0,False,0.30054438752972046
78,0x55907Cf476998d2F58591C6D0a10eCbbE249A8EB,0.07155015307476999,0.13926926637860848,100.0,False,0.21069954723081388
79,0xde9E6fb9Dc88e8EB25cAeb85972FAF842e171431,0.049485434232394626,0.09632124916309458,100.0,False,0.1457237775073661
80,0xb96f5976bF96b8DBaC576825De2053Bb3bCF1023,0.04421252576666019,0.08605776177492662,100.0,False,0.1301962156703037
81,0x4216C2Fc321dcE8DE1eB46F4DA0bE3287117cF25,0.03819075441078754,0.07433664528541034,100.0,False,0.11246341645624794
82,0xEDe59767894B49f2a1C9fB6c309362C693F24EA1,0.030564846027600984,0.059493145721027506,100.0,False,0.09000678464608262
83,0x83fed4e58eF6bdfd71A570ea588b4170ac7a8566,0.025077238592946496,0.048811756111707155,100.0,False,0.07384698131688663
84,0x01AA31Ae8998f71a91d32105DBcDade03E1A7Bb1,0.02047422197720244,0.039852184124023034,100.0,False,0.06029210442068088
85,0xaBb8B277F49de499b902A1E09A2aCA727595b544,0.01702052209026749,0.033129707247660886,100.0,True,0.05012171384600431
86,0xCf1bF07792B2c42C6D40a54Be79F669F318deB34,0.01699413487313296,0.033078345675194944,100.0,False,0.05004400926447649
87,0x7248Ebb55470dF1a1B6af7073a5067C63c32e0CB,0.005165118490114534,0.010053678880674422,100.0,False,0.015210143940899402
90,0xB0493ED6E24B7831D4D6202132137d2d949BfE2c,0.0034241189843438424,0.00666489893381917,100.0,False,0.010083281288186136
91,0x74644035faf6F293a7264FD77aBeE278d1805386,0.003410886660426273,0.006639142789837783,100.0,False,0.010044314989185631
92,0x1244a19E20ede3ABd2956760F072662Fc7df0dcA,0.0034012336789408376,0.006620353680491812,100.0,False,0.010015889070567633
93,0x6ab615CF8deCFc488186E54066Fc10589C9293A3,0.003399700424120371,0.006617369266554994,100.0,False,0.010011373970563248
94,0x982F264ce97365864181df65dF4931C593A515ad,0.002468395227481141,0.004804624136925539,100.0,False,0.00726888391522355
96,0xe3933a68C04A685A6088b207E226482f23d13cA0,0.0017124819716766344,0.0033332718049221945,100.0,False,0.005042884753805375
97,0x40F404FE6C091b951576ECC7bCcE5ECd56c985f7,0.001709926489894911,0.003328297670588581,100.0,False,0.0050353594190405
98,0xA770A33CBf2e97A0eAED41AfaBddB997661CC24a,0.0017009612399158545,0.0033108472007596867,100.0,False,0.005008958719248505
99,0x2Cd3211B1D36FEc5d7B62Eb36a93380727385133,0.0013014650292202735,0.002533245172061491,100.0,False,0.0038325297795923845
100,0x7F429edeff8afC7Bb3A2CF7DB832Fc86f6FA99DA,0.0010959464511671995,0.002133212183135305,100.0,False,0.003227322530097726
101,0xBdc505B178e600fF119A648449B7d258AE98ec76,0.0010433175090980658,0.0020307722324535626,100.0,False,0.0030723418097404216
102,0xe85a04Cc499d97826254d76CbB97fFc150f0a44C,0.0010377648623725087,0.002019964246688392,100.0,False,0.003055990479928661
103,0x8C270f234cdCBd30D281799b584Db3d0789E1317,0.0010334048505199953,0.002011477672921498,100.0,False,0.0030431511988961587
104,0x33104A01d2D186FA043EfF6839296f9a7a7ee431,0.0010269473713100691,0.001998908470011733,100.0,False,0.0030241353353750557
105,0x7A4c6e32C31a56bdd78DE86970180D8A0D613F57,0.0010208312196395045,0.0019870036463374955,100.0,False,0.0030061246067825355
106,0x8DCdb2Db0268Cde7B5c55492ef31E4fA3D187ac8,0.0007187697555464209,0.0013990541214562396,100.0,False,0.0021166196793258297
107,0x63c4222a3E8CD2cdCe3Cc0Ec2Db20BfCD8451985,0.0006868183890950263,0.001336862173930569,100.0,False,0.0020225298953713555
108,0x887f9c24363b19A97baC67F8B35DFbE1d91bF16a,0.0006834222060159074,0.0013302516510233422,100.0,False,0.002012528879212305
109,0x5fa18F60c6e4a08493ABd3A4da7B02E20B0Cb2F9,0.0006833051417175457,0.0013300237904493068,100.0,False,0.002012184150464682
110,0xE28970C7c73b4C2ef8BC15238b8b44AD40CEbF3D,0.0005151067450430262,0.001002632914200034,100.0,False,0.0015168766703082667
111,0x9387FdD19F66865d5265b41cF3DB95db243E8888,0.000512784612824052,0.0009981129846586858,100.0,False,0.0015100384989540192
112,0x93CE565DAe4b644403DCf5A2CE1b5d00ae5d6B97,0.0004793764572891299,0.0009330854604331408,100.0,False,0.0014116587898614496
113,0xdFd8AbA3aF398D754a402181657dF5CCFC7E0544,0.00045540909973450596,0.0008864340395734516,100.0,False,0.0013410801653852568
114,0xC56a6c92240E4D346E30277Ac0dc6E4D6E1C0a45,0.0004449646175703694,0.0008661043085219514,100.0,False,0.0013103234504311433
115,0xB0FEcff8Ab2b45778Cc022f7f0f98D0A2B0133a0,0.00042506001492162296,0.0008273608636889014,100.0,False,0.001251708750312787
116,0xA4a4Bc5B32EE23c74c7F638F93e436ea324FCb7D,0.0004148219392481064,0.0008074328939095872,100.0,False,0.0012215598573164226
117,0x2c2d88aa9F4e965993988811381150F57e52F05A,0.00040123268159002504,0.0007809819938997277,100.0,False,0.0011815424665392357
118,0xB3384DfD46FeFdF209d2C896D3e06e584B304c2E,0.00037553639814889915,0.0007309652938688745,100.0,False,0.001105872533577638
119,0x9F902E72BD7e58270E5c05349A0681Fb89c71cFA,0.0003477842989464759,0.0006769470377185501,100.0,False,0.0010241486729655616
120,0x011951b5341e0C9873334f7eE24796d8E0Becb6f,0.00034759901765637287,0.0006765863957319514,100.0,False,0.0010236030601016137
121,0x163D1A5708e536605E7B7b4B3b46a95dbf517800,0.00034671754639160695,0.000674870650187012,100.0,False,0.0010210073200730906
122,0x544a40955bA1C7e56E161a59E1319e3313C25251,0.0003467175399098601,0.0006748706375705731,100.0,False,0.001021007300985764
123,0x7075F5B527a8786799aB8165F4780e27Bc4844C2,0.00034662235675680513,0.0006746853676958361,100.0,False,0.0010207270074239635
124,0xF916719c7251e109Cf3D1a977B6CAD198b630C32,0.00034662235286469616,0.0006746853601200151,100.0,False,0.0010207269959625544
125,0xDDF9db63F6f145df73E16F6bE12E8d7913Cf69C8,0.00034658153681905524,0.0006746059134593357,100.0,False,0.0010206068016377803
126,0x7f3c703cBcd18acf9B2D85BC4b59a770d2307Ae6,0.0003465617273258001,0.0006745673551408079,100.0,False,0.0010205484670140186
127,0xf85ceCcFe2112E88be58162C43f5Ec959672AB54,0.00034590008702362225,0.0006732795010198734,100.0,False,0.0010186000810762153
128,0x9B62A7eD23E6e2822EE8045694ef0dB9eb099CC7,0.0003458084287236165,0.000673101092118554,100.0,False,0.001018330167435486
129,0xFA9d5DB5E803c09327DDf7d28102Cb6790e9f4e9,0.0003457068180439586,0.0006729033113423564,100.0,False,0.0010180309462140393
130,0x18650583D5bAfb28C0eD36f9e6350873eD92edfA,0.0003456348277611255,0.0006727631853825128,100.0,False,0.0010178189505809607
131,0xF337B14dA207429eeF360164C150Ed1773f2a386,0.00034442671164213633,0.0006704116398111712,100.0,False,0.0010142613129193437
132,0x945294C67752BD0A453975c04e3078c487a858df,0.0003444045346180691,0.0006703684731967115,100.0,False,0.0010141960064353028
133,0xBE2800C4DeaD2c7C361Ec51BA6D6a384afEFE224,0.00034438766321542624,0.0006703356337439938,100.0,False,0.0010141463238456056
134,0xd4FA2185bC32F28Ae27215b4b769f387DBA53F59,0.00034357214196092874,0.0006687482570306086,100.0,False,0.0010117447921689344
135,0x05612170a8D3a88A515121893f1083EaD5B75a04,0.0003435340407943758,0.0006686740947641987,100.0,False,0.0010116325925691198
136,0xD1bA9FA36bdF2a84E788F72d69b5EEf2464aF9F2,0.0003434134589460717,0.0006684393874319261,100.0,False,0.0010112775054064778
137,0xFfb8C9ec9951B1d22AE0676A8965de43412CeB7d,0.0003434134573138668,0.00066843938425491,100.0,False,0.0010112775005999912
138,0x574b7EEf141fEDA2DA9E9e16028CBf61eB506Ca2,0.00034340913012855076,0.0006684309615765711,100.0,False,0.0010112647579859268
139,0xcE83b2D37d19183D66427F5d72E0A7508197945b,0.00034340449514656167,0.0006684219397853721,100.0,False,0.0010112511089779995
140,0x3BC78C5FB49F5A50aED564DABea2512B0fAd37E6,0.00034340136570198786,0.0006684158484573841,100.0,False,0.001011241893448382
141,0x24878Dc8aedEAF05c7097bBFe65a97c2fC13d15e,0.00034306503342402856,0.0006677611922812906,100.0,False,0.0010102514684717779
142,0x7a0dff2a955B72159650300a9aCeF97146dd12e6,0.00034282120045863243,0.0006672865820009443,100.0,False,0.0010095334337338895
143,0x317aE3371f777ADeDaAdE238B832311807f5Ca26,0.0003428122651531784,0.0006672691898168331,100.0,False,0.0010095071212141721
144,0xF2c09EaFd10A8609658Ce287EEaF72095Ae2062B,0.0003427797413924637,0.0006672058837287263,100.0,False,0.0010094113458543393
145,0xF255F0f4143A5Af7A39141919D80B3E810E02d4C,0.00034277623387267105,0.0006671990564937403,100.0,False,0.001009401016975917
146,0x8Ce01CF638681e12AFfD10e2feb1E7E3C50b7509,0.00034275316911730073,0.000667154161948843,100.0,False,0.0010093330963174046
147,0x7988A7092c88C703cF2950ce8f85382fEd31CE5B,0.0003425056404582726,0.0006666723581613025,100.0,False,0.0010086041785703052
148,0xEAcF16b7757A9f56AEd5C4C187016B920901033E,0.00034241633292950857,0.0006664985249341387,100.0,False,0.0010083411874365863
149,0xE7421007249799725daaf97014f9c05F8d5E858d,0.0003424105537379132,0.0006664872759886204,100.0,False,0.001008324168981696
150,0xdef5c77905B6F47ba9371db98308eD95AFB5f863,0.0003423528994969918,0.0006663750545119125,100.0,False,0.001008154389855642
151,0xDb8c9f8b07f62D8e33C966196546d3CF0f5d9Bd9,0.00034231578904098765,0.0006663028206205708,100.0,False,0.0010080451076816478
152,0x63fdB65CcA5A9E66b7F8d925758cb935281b0Ad2,0.00034231204356255005,0.0006662955302094143,100.0,False,0.0010080340780670763
153,0xF0F76D69382191f08cD2f7D77C3D05deF740a3c9,0.0003423046138293847,0.0006662810685563938,100.0,False,0.001008012199128364
154,0x45faD3d36fA506e7F955711D6D0Dc94a5be8F4B6,0.00034230444358650204,0.0006662807371860144,100.0,False,0.00100801169780032
155,0x1d06e5ff1510c1E25B9603AbDdcd2D872468267C,0.00034227131590885176,0.0006662162555998132,100.0,False,0.0010079141440372352
156,0x03853B09108931C5C8Ff9b1a7DE689e7E76e7711,0.00034227131416746033,0.0006662162522102705,100.0,False,0.0010079141389092185
157,0xCDa53E2D0f0693430b239eceB3968C46c5119Dd4,0.0003422713130990659,0.0006662162501306872,100.0,False,0.0010079141357630303
158,0x18dd0a35977F88E7aDaDE2682e3D9A585Ad3B87D,0.00034204116486357143,0.0006657682765829276,100.0,False,0.0010072363995607895
159,0x262BF24eC8D163af884f7FF4c1b9cBfaB38B5bb9,0.0003419349096688893,0.0006655614554598919,100.0,False,0.0010069235012587123
160,0x68faf54c53899957fCD0291d2A2C5EE9a343A4A3,0.0003418715782831074,0.0006654381836672045,100.0,False,0.0010067370041830764
161,0x9CF7aDeB14c2884a37546De3F15cBdD832D4E05D,0.00034186634895451586,0.0006654280050061493,100.0,False,0.0010067216049544346
162,0x51A37A5DCAd4E7884eA251484e09fF9906db1035,0.00034186633853123356,0.0006654279847176828,100.0,False,0.0010067215742601487
163,0xce430a8F1382E7A6156064779515d36a2C5101aF,0.00034171110511173417,0.0006651258296065885,100.0,False,0.001006264445801326
164,0x30ddDDe80843855eA3d7570C11A5c993365E5b20,0.0003417111046589792,0.0006651258287253206,100.0,False,0.0010062644444680613
165,0x176b032C37544f16ec8555a1e6A63454449EDF77,0.0003417111042062299,0.0006651258278440637,100.0,False,0.0010062644431348138
166,0x4890ae58845CEE70b04f7b54dD2d4BbFd8b697D4,0.00034171110368780104,0.0006651258268349645,100.0,False,0.0010062644416081543
167,0x779205F1618634000E48c583B5fD8C96D0f8C309,0.0003417063366304404,0.0006651165479647892,100.0,False,0.0010062504036671529
168,0x8FcFc4d481555D9b99b114E6EF237AD1ebdc222E,0.00034170633617900493,0.0006651165470860897,100.0,False,0.0010062504023377742
169,0xB18BC3fC909351C7E8916a5f9c75942156fC1B7b,0.00034167458538662154,0.0006650547455472789,100.0,False,0.001006156903200569
170,0xaa8BDB60eE28E7616Bfe4867f58BfE4EDF858271,0.0003415765136678842,0.0006648638532048576,100.0,False,0.0010058681034447877
171,0x06b20B82D9c8C0Ea60D1cC47FAd3f560329BBa21,0.0003414223007864326,0.0006645636845267634,100.0,False,0.0010054139802472444
172,0x79d1AFC625a0B6b6944a49851f29e520A17C1331,0.00034141436566420823,0.0006645482391558828,100.0,False,0.0010053906130483212
173,0x174FE560F3d26AEB40A15fF3b90537a1A778b783,0.00034139672612928766,0.0006645139045670372,100.0,False,0.001005338668477116
174,0x6Ce10eFa053fA3FaD0Cd6C355a337E8338796567,0.00034139672505071494,0.0006645139024676422,100.0,False,0.0010053386653009553
175,0x2cAf293D8EDC0891b0410d46216AEf2009355A8b,0.0003409952383871094,0.0006637324261087766,100.0,False,0.001004156374912946
176,0xc0B54011af8591ac7F9DBC635Ce3660b5db903A7,0.00034099523798358073,0.0006637324253233259,100.0,False,0.0010041563737246424
177,0xAD1b4891a9A73829d8eC8b188EAA7Dd33f5c9dE7,0.0003405585860083771,0.0006628825012122504,100.0,False,0.0010028705291873607
178,0xB290f2F3FAd4E540D0550985951Cdad2711ac34A,0.00034054602348596914,0.0006628580488078258,100.0,False,0.0010028335353072684
179,0x6f6f4d8505623AFAf21Caf9daF80B082602947BD,0.00032771797582180654,0.0006378888110007341,100.0,False,0.0009650577414264383
180,0x5f222918741500fABf6EED0bb16841d028d6d350,0.00032529939835055467,0.0006331811549633098,100.0,False,0.0009579355599042985
181,0xfC09a127b94153Df7924F3df757BA484BB02B903,0.0003137381245367532,0.00061067763745486,100.0,False,0.000923890137870975
182,0x304c161c3A71FbE5867022648fBc7d9aA994A02d,0.00030917205527312356,0.0006017899818838777,100.0,False,0.0009104440628434912
183,0x9124554Cbfe5ec995DeC1d7437fea8dFf50e5CCC,0.00030825798197207113,0.0006000107778908295,100.0,False,0.000907752316950701
184,0x87AD3E74a9d79DE2D6333E096f42A5f5c6073775,0.00030116566845903687,0.0005862058975734502,100.0,False,0.0008868670052945022
185,0x7Ebbe8c7A628849F4305780177a0a6cf69B6362C,0.0002950549818384137,0.0005743117113816408,100.0,False,0.0008688723700784288
186,0x2702811b54ad6F58BAdBEb17007a1303a21Af45F,0.00027964944821270705,0.0005443255090602974,100.0,False,0.0008235064439371743
187,0x40a3C1c8530fF6C77A2986d56a7f3c2a17f03eCb,0.0002773882925663872,0.0005399242677701253,100.0,False,0.0008168478352490821
188,0xC8723b6a1673bBd73ED7D1C4aAaaC7441E59A979,0.0002755046778025294,0.0005362578934155065,100.0,False,0.0008113010018623336
189,0x9B3170698A1DCca963C7d36E0B9496b915a7471c,0.00027548258729010686,0.000536214895192207,100.0,False,0.0008112359501361594
190,0x0E861F1D1A0D4fdC90FE18CAcae65bB750105dBc,0.00027422119407702014,0.0005337596480704019,100.0,False,0.0008075214230882627
191,0xD95345A1b3489Eb586cBaC242c3eAd57ecf368e1,0.00027384369292227925,0.0005330248584631329,100.0,False,0.0008064097647763664
192,0xc61c2F6769dad4B5A99FA13CEad5e007739b85F1,0.00026217135722777677,0.0005103051638260096,100.0,False,0.0007720372898022359
193,0xE3369C94757681f339D032Ec66Aa2aC59E9A7c26,0.00024337539999672023,0.00047371964916306477,100.0,False,0.0007166873078921365
194,0x125EaE40D9898610C926bb5fcEE9529D9ac885aF,0.00024331014816686867,0.000473592639309378,100.0,False,0.0007164951555288657
195,0x0b45e2ab5b3846ecF56e652c5CB40039797C07A2,0.00024216688862895602,0.00047136733425714354,100.0,False,0.0007131285063093488
196,0x7179eD411c63ea4BA21568142E57f6cDa4568E12,0.00024106600548300748,0.0004692245130119589,100.0,False,0.0007098866462931583
197,0x3e6b87FF2168d15794A865D09A6716415e7DbeCf,0.0002258527766017628,0.0004396126235261778,100.0,False,0.0006650870155523642
198,0x9234A405B420A746eAA6631F80C8Df3c86629505,0.00021470536891969887,0.0004179146784738179,100.0,False,0.0006322603387323479
199,0xBDa9A3C241053BdC27423e6ceee83Ba0e26Bace2,0.00020543382762771648,0.0003998680259029419,100.0,False,0.0006049576780334802
200,0xc77704F8ff4b11a827d9AE0ef9a6DF5271F7a956,0.0001912034842738088,0.00037216928042096655,100.0,False,0.0005630524301373071
201,0xaB32bf707C9D9F78f1101F9b7B4D6B4b3727b6ea,0.00017379104778868194,0.0003382767288199436,100.0,False,0.0005117766141405525
202,0x6DC75Ab02d614ac94537f774C1DAd8C8F6d0f6b0,0.0001734510971570781,0.0003376150296755835,100.0,False,0.0005107755339040796
203,0x2Dbb7EaF854059c9FC0484B96d6f2567dC5F3E15,0.00017195121997892515,0.00033469558387033005,100.0,False,0.0005063587237540244
204,0x89D345e4910B201a4780e0bfE286f56AdfaD7bE0,0.00017170459790737187,0.00033421554471594695,100.0,False,0.0005056324757086974
205,0xd377dcD7bCDA8539b34F0DEb07f21E75D1441A80,0.00017138824655741627,0.0003335997805486759,100.0,False,0.0005047008901936832
206,0x66778B537dbc0B4F4E20faC8909d10044678948D,0.00017122734035463942,0.0003332865836112342,100.0,False,0.0005042270566291861
207,0x7c950FDE7dD26Fe40896d93B8Fb7532B8ce5C45D,0.0001711579092724729,0.00033315143902437226,100.0,False,0.0005040225972821749
208,0x1BFDa4D1bd8A28caB70f53D30ba7FA2A10d2C221,0.00017115230769447932,0.00033314053579601834,100.0,False,0.0005040061018604839
209,0x4f1e5f4cb3Da9Cc3581b5aD1CE1142A435d7E822,0.00017113565821051305,0.00033310812829836925,100.0,False,0.0005039570727727383
210,0x6b4cfEb349E5Effe40b2ca9A63DA19E8213c406b,0.0001711356568581254,0.00033310812566600536,100.0,False,0.0005039570687902525
211,0xa77CE92A601D504a6D64af843EB5a3994616969c,0.00017113565564057497,0.0003331081232960963,100.0,False,0.0005039570652048328
212,0x1AbEf1717803CE81190aFA035a27Bc67F6Df395F,0.0001709288305077693,0.0003327055471550724,100.0,False,0.0005033480104374366
213,0xC48f0a509f8D7ef050022a78Df5FeFA0fC3a2FEb,0.00017085316783010775,0.00033255827303814434,100.0,False,0.0005031252004050264
214,0x4D918A4aaF735Dedc39055b94b17C32ecd5E10AB,0.00013773688479073865,0.0002680988659526044,100.0,False,0.00040560499195668146
215,0x8f4991E099B50B18d782783DA7b2fc6008047629,0.00013695588481097204,0.00026657868340163016,100.0,False,0.00040330511788160944
216,0x4F0614814995beF67c4cc95a36eCC76Ab46296c0,0.0001256815158305644,0.00024463361369447974,100.0,False,0.00037010456781426556
218,0x09e3Ab1Ce8126bc411d7132cb4673409a60023cD,0.00010416292328288549,0.00020274860759975213,100.0,False,0.00030673702054847114
219,0xf2f94D2ACD63f089E2D9E82bc8edB0fbD40A28Fd,0.00010407065793556815,0.00020256901710719757,100.0,False,0.0003064653192862175
220,0x8c0ef417bcE72956f4C3CE1e8496C8bd886Dd9cE,0.00010332757419372736,0.00020112263686708972,100.0,False,0.0003042771002366116
221,0x50DEa4112F8900373066aBcE52Fbd89708233358,0.00010331425391281133,0.00020109670951862978,100.0,False,0.0003042378749234936
222,0x4E402F530f7B4EFD2c4D7227F5Ec2c9e4Ca2897E,0.00010292551281185984,0.00020034004184408055,100.0,False,0.00030309311742905616
223,0x424ca2aC3d4b3a85979b02aC4Ed4ACE51a6f5F6c,0.00010291907246513565,0.0002003275059888104,100.0,False,0.0003030741520169573
224,0x89C8121115955831056958861c6800f0298B820A,0.00010290005780618728,0.00020029049478075038,100.0,False,0.00030301815800633686
225,0xd20c9018a5097e922e9c0539aef389c871e76C3F,0.00010280130186639711,0.0002000982706317575,100.0,False,0.00030272734336924724
226,0x0d2DcFb901C476AEb9105e38A7b7b451FD109A92,0.0001027516923204975,0.00020000170780462288,100.0,False,0.00030258125411003283
227,0xA176574D000B6c0ebd512397a7b8A6F2EC1716E5,0.00010272489966227013,0.00019994955705867324,100.0,False,0.000302502355593188
228,0x7Ed7380023e63B1F59D546Fd9B8E982f2A31ca73,0.00010268139500041302,0.00019986487712326406,100.0,False,0.0003023742438818665
229,0x5500E69d58D8f80B236C8A72FD52C538a5D5237f,0.0001025133307261691,0.00019953774731050263,100.0,False,0.00030187933136292523
231,0x3753e4AB8Fb6437A045A7790FC296cEffD6E4337,9.567851251249729e-05,0.00018623407041334057,100.0,False,0.0002817522870291322
232,0x4B2F6D3A23bADb60c8405d50289eF3daB9109936,8.553065656969571e-05,0.0001664817094226814,100.0,False,0.0002518690714016625
233,0x110cf43a8719A1b074903269F082A7c216B1A466,8.201015361036458e-05,0.00015962920326637162,100.0,False,0.0002415019603937984
234,0x1be32718D0e44B0140FaC069bDE714e4aC920d90,7.770872634951445e-05,0.00015125666186351078,100.0,False,0.00022883519816674477
235,0xfD19Ba3c96EE9A8c0be474Daa9664CaE22824F0C,7.555184762621052e-05,0.0001470583910764691,100.0,False,0.00022248366220347426
236,0x9F6c6910A8B1199251a9E213a50a8ba3DFA8d7BE,6.939650365937465e-05,0.0001350772812992,100.0,False,0.00020435752087283378
237,0x2E339c5a9119262916E34333D0334224FeD09d0F,6.939650352966615e-05,0.00013507728104672804,100.0,False,0.0002043575204908706
238,0xf5d7E1459Fba52D900101091a10Bb8D457bfc2e8,6.934651203038568e-05,0.00013497997476392132,100.0,False,0.0002042103064625124
239,0x854bD703084706dF2777557659417b76E9FC3BEB,6.916787325584333e-05,0.0001346322621454551,100.0,False,0.00020368425435365653
240,0x061b69C1000EAC01a85b5216BfF34f3e8932E8C5,6.887616961034012e-05,0.00013406447366474085,100.0,False,0.00020282525093588786
241,0xb1d2190C3BC2983c37DFD7dcE522aFE7E5Ff8c25,6.86934846658333e-05,0.00013370888535211637,100.0,False,0.0002022872837416982
242,0xc880F2445871b41b3E096718Ed223220613AE9Ea,6.86818261482127e-05,0.00013368619255376012,100.0,False,0.00020225295195792857
243,0x3C8981A1d0e563536906ee27dAA89A5E65312A34,6.86816291831797e-05,0.00013368580916987526,100.0,False,0.00020225237193899798
244,0xFf5eff0014d27ce509AF4953bC4Bcc365c8Cf925,6.858907661573279e-05,0.00013350565961580907,100.0,False,0.0002019798248763001
245,0xfa28e2f1bd87212aFC52B4EF9Aa83A2C26003454,6.855524664974727e-05,0.00013343981105585568,100.0,False,0.0002018802030277132
246,0x8366725944Fde1feCb61892dFB80AE27a1A85203,6.850196666478248e-05,0.00013333610387844468,100.0,False,0.00020172330512846184
247,0xB2f390aF1b11083154A0a15Bfd3e555f57D82737,6.850196657791508e-05,0.00013333610370936104,100.0,False,0.00020172330487265632
248,0xb037a6640d61028769538b9221F729e7Cce42Bc4,6.84999243460715e-05,0.00013333212859374763,100.0,False,0.00020171729094667167
249,0xD5f58F8c3a22DcB55cA66583b8234D489983ACC8,6.849927925589769e-05,0.00013333087295373298,100.0,False,0.0002017153912972411
250,0x4607f21737448F0b7e833dd6b9fA19D72fb60b68,6.848326648969643e-05,0.00013329970479956832,100.0,False,0.0002016682372040138
251,0xe1dEd22ca713eb479BBd50c055714aBccA8CA57E,6.847575005184574e-05,0.00013328507437964241,100.0,False,0.00020164610293897208
252,0xB8835F94AB499636f5379Ae4D6933055E068533b,6.847057981802752e-05,0.00013327501074399765,100.0,False,0.000201630877731509
253,0xb92505a3364B7C7E333c05B44cE1E55377fC43cA,6.846366023980694e-05,0.00013326154208542722,100.0,False,0.0002016105010874985
254,0xa731c24Fc9CA345F43d8614248F9Adcd5Ed4e281,6.846316375626969e-05,0.00013326057570177839,100.0,False,0.00020160903905210085
255,0xE38C5fA37006B4Cc9Ff0f7054d902922307488D3,6.84609231695309e-05,0.00013325621449697365,100.0,False,0.00020160244101434535
256,0x2d481C39E28c71915feE81854D1C95cBcf5a5d74,6.846092313285341e-05,0.0001332562144255825,100.0,False,0.00020160244090633816
257,0xFCE06794701C67c422e7b84d3e58F9d121fD4482,6.846088863918187e-05,0.0001332561472851485,100.0,False,0.00020160233933002198
258,0x3Da61E0091023AEF38a2232BaeF1DCC1074d0D52,6.840823306250219e-05,0.00013315365549135377,100.0,False,0.00020144728017656361
259,0x45F7093565B72E8fE5e97BC84D8f9919Cc7Ae15f,6.834126718174478e-05,0.00013302330931199989,100.0,False,0.00020125008030837113
260,0x942A099A6791359370751904A70C4E3fb0562BdD,6.831530280285755e-05,0.0001329727707758234,100.0,False,0.00020117362089297402
261,0xd69bb3402F7fb5eE221C72424C415d337fB8942e,6.828796719385412e-05,0.00013291956319976217,100.0,False,0.0002010931235048792
262,0x234980496c21E6d618a3b44113B61Bb4b39096Ff,6.828783697509129e-05,0.00013291930973459418,100.0,False,0.00020109274003911166
263,0x2E36623B7FfB5829E6d61Bc4D5F70Aaca4c1c4a2,6.826620984281538e-05,0.00013287721346063106,100.0,False,0.0002010290528660923
264,0x1abB0eCCAEd5E87914Ac8f412E19d1f86963c823,6.82629700248905e-05,0.00013287090729570744,100.0,False,0.00020101951231110327
265,0x7452e7D530078dbd6a2Ed65007BEA00A4D60F138,6.824736438183926e-05,0.0001328405315890777,100.0,False,0.00020097355710648328
266,0x90B0D2d51464EFefB38AAD00F954649cb5d16040,6.810236961838271e-05,0.00013255830557742641,100.0,False,0.00020054657924971746
267,0x942fEC89e62C34Ecfb26694654bEC567FBDF68B5,6.585019499797019e-05,0.0001281745454642426,100.0,False,0.0001939144177180746
268,0x7E939785E4202d42D22187292328Dc9FF3025D97,5.82718690872204e-05,0.00011342366311651091,100.0,False,0.000171597905879254
269,0x0fb20260d3E8b9D3023Ca3A5d3423Da7C316e6a8,5.82540709787638e-05,0.00011338901987116263,100.0,False,0.00017154549434367773
270,0x6f15F9D78325A25a3ED808C48B43A3AF08B828dD,5.820614860620007e-05,0.00011329574105367221,100.0,False,0.0001714043734408216
271,0x4bb9635ac0248fD700f6d4e652a8fD39fD0A879b,5.7374984189151776e-05,0.0001116779156035805,100.0,False,0.00016895677607281273
272,0x836d21C8C62df5bC4803DB955dF4c29Df9C9C88B,5.648026173235287e-05,0.00010993637718869218,100.0,False,0.00016632201418281687
273,0x1aeeaa375b4112f537FaFDEA5AA3BAB0e1257557,5.5648710778081506e-05,0.00010831779936067856,100.0,False,0.00016387327854725181
274,0xf5da9CD791998918f4631513a7d43d3cf66c7609,5.479274920347075e-05,0.00010665170732004038,100.0,False,0.00016135265897528533
275,0x6e61851aa4312e1bEa08E63eF6037C55758Fb34c,5.4785688534329566e-05,0.00010663796403411887,100.0,False,0.00016133186684938117
276,0xf577e9A796315C0d5d1A78F463b330586EbeD64D,5.478235399274446e-05,0.00010663147349370335,100.0,False,0.0001613220473539362
277,0xAe5a1F310dD053B752DD967800122983849a174D,5.477092809124745e-05,0.00010660923347253191,100.0,False,0.00016128840057375938
278,0xC5063a157362676A666A06006ae836057724651b,5.1525670174630294e-05,0.0001002924798412107,100.0,False,0.00015173182599922418
279,0x6DFfF150bd18d8A99aB3CdcbA88C15d73416D77a,5.1347368730665604e-05,9.994542382206759e-05,100.0,False,0.00015120676725511917
280,0xD920B68db744CBDf5bc8f63B6B2Bd560292aAB5d,5.123878949262375e-05,9.97340790495381e-05,100.0,False,0.0001508870251537965
281,0x68cf459bbe2B090f17833D885dfD291cDDb586B0,5.1209508697171514e-05,9.967708525251081e-05,100.0,False,0.00015080079961717332
282,0x1896fC3907a5D4B719CFC44318C4E3500060a270,4.793835643773614e-05,9.330992940718062e-05,100.0,False,0.00014116797186814194
283,0x70F5D1620C738F25eEcecc3473272D18E2a29FA9,4.768518815320209e-05,9.281714833345543e-05,100.0,False,0.00014042244665775163
284,0xa00D8616EAf858394cace2a51331e70ab22D7333,4.597975615178157e-05,8.949759898953947e-05,100.0,False,0.00013540032252397455
285,0x5602551C4d64623BD4b2f189c0f1CAD29a4eB108,4.507671831330861e-05,8.773987504526184e-05,100.0,False,0.00013274107365416834
286,0x05a4818FAA4E68BDb9B6402d7EE8C7fcE164B392,4.4575284540366576e-05,8.676385597760006e-05,100.0,False,0.0001312644608953568
287,0xdF2aDF272e40fE277321B21AA58DDCcc3Bc648eE,4.335011465865174e-05,8.437911599755715e-05,100.0,False,0.00012765660363349478
288,0x30c1Bd908E3F1EbB8B94eAe008A686b87525B93e,4.191049876947228e-05,8.157696617485179e-05,100.0,False,0.00012341724979564317
289,0x687922176D1BbcBcdC295E121BcCaA45A1f40fCd,4.14049712363694e-05,8.059297878078075e-05,100.0,False,0.00012192858180878113
290,0xa8180E17db4487Fc72717c44916362842Cc1AdaD,4.132213683232345e-05,8.0431745209829e-05,100.0,False,0.00012168465261118209
291,0xc14e6A977065eF49354Ebd903B5e02b0ccA2d431,4.108206047078757e-05,7.996444699579155e-05,100.0,False,0.00012097768024980126
292,0x45a1f7FABfD9c69384f75740A8C1CC4aeD33D7A9,4.108206046119484e-05,7.996444697711969e-05,100.0,False,0.00012097768022155275
293,0xb7985A153FF4C8fc197b859F6f7979B126Aaa315,4.0965824680765e-05,7.973819907726558e-05,100.0,False,0.00012063539127797787
294,0x23E1984B39de147559829357fCE054034c916675,4.095778200555377e-05,7.972254435916569e-05,100.0,False,0.00012061170735903836
295,0xaE614A105593524BFc3dcd808e0777dE0eB3429F,3.868196799390232e-05,7.529277119731595e-05,100.0,False,0.00011390993299196729
296,0x2cD1E22eB8f28b96aa30ae161c21d4AbCC48921b,3.8261621266453686e-05,7.44745845430506e-05,100.0,False,0.00011267210384210054
297,0xd969cB4923141027dDEC64749B5083a541AAeA12,3.823904548636177e-05,7.443064176730226e-05,100.0,False,0.00011260562310880596
298,0x53A60AC4f0f3758731d41e5a13aE38Db48B7Bb40,3.801147540388093e-05,7.398768648244483e-05,100.0,False,0.00011193547900314786
299,0x18FdD3197f863E30c0b7654134e681f96E2a7343,3.770538567051764e-05,7.339189610632946e-05,100.0,False,0.00011103411170398568
300,0x43E4f031F795DCAFD662ce097f53b5f908f39dC8,3.7698655593741435e-05,7.337879630409265e-05,100.0,False,0.00011101429310027016
301,0x4dD6720D2Bb8721A46bdF9a528704164578E03B9,3.766660893449202e-05,7.331641887327306e-05,100.0,False,0.00011091992269987344
302,0x2Eeaa7534aA31545E98319ed72827dA53264775f,3.76543295333631e-05,7.329251755212555e-05,100.0,False,0.00011088376255000727
303,0xD3761e84F595669f33aBC37310C4E5aeD26CB377,3.762452816804328e-05,7.323451048845325e-05,100.0,False,0.0001107960040490131
304,0xcc4E31786A29DA13820C4CF179c021D50F17F1c2,3.620923906068627e-05,7.047971169033928e-05,100.0,False,0.00010662828726147242
305,0x33Ad49856da25b8E2E2D762c411AEda0D1727918,3.4918801487413405e-05,6.796793098248673e-05,100.0,False,0.00010282823092708424
306,0xE5c6ac7A04e75d8556960D3a0831F251db498Be5,3.480160166906282e-05,6.773980662467669e-05,100.0,False,0.0001024831031027427
307,0x7b6555058649A1a63a6EA4fC1EAfd28e78949a0b,3.480160162904567e-05,6.773980654678504e-05,100.0,False,0.00010248310298490092
308,0x5a7BA787E7CF00f9Ce55CCf2C54Bf1C0C29231bF,3.480160158902886e-05,6.773980646889405e-05,100.0,False,0.00010248310286706017
309,0x191D60bFe770f85Bdf18858263d63f0571Fe5217,3.48016015490117e-05,6.77398063910024e-05,100.0,False,0.00010248310274921841
310,0x46ED94C2240c9b5A486bdDB3e073eb30C9b7a8F2,3.480160150899489e-05,6.773980631311141e-05,100.0,False,0.00010248310263137764
311,0x4d1f86cB18cC052aC63e5CC185fE1Ce73504F7a3,3.480160146897773e-05,6.773980623521976e-05,100.0,False,0.00010248310251353587
312,0x1F17032289Dc9Bb26cde9e400Af1C26b5DA0ff5D,3.480160142896058e-05,6.77398061573281e-05,100.0,False,0.00010248310239569411
313,0x64e5F1E0ACabF2605bD7083E0e5c49C269785382,3.479149978547658e-05,6.772014374688204e-05,100.0,False,0.00010245335526564758
314,0x855f1dE4E143D90C10e317B65d61E355520E66a1,3.478988936949718e-05,6.771700914209956e-05,100.0,False,0.00010244861294291125
315,0xB83531c8A283B21f3c38295F8869F84B1543A36B,3.4780444175744344e-05,6.769862448255332e-05,100.0,False,0.00010242079891370644
316,0xbcF05d19C85aa177A58ece89169FD241700F7d1c,3.477842919317668e-05,6.769470240647235e-05,100.0,False,0.00010241486523087783
317,0xBE3C90D34b757587C62852DCd57f7c8E1bc5547C,3.47612026084271e-05,6.76611716072052e-05,100.0,False,0.00010236413670758205
318,0xBf970e507672b30aBCE90bde4520e3939d423ADB,3.4761202535765775e-05,6.76611714657731e-05,100.0,False,0.00010236413649361036
319,0x727Da77e0b3A0bdbF30856DF052552e6787f4AAA,3.476116567421298e-05,6.766109971636104e-05,100.0,False,0.00010236402794440182
320,0x6dFdA670994F628958F41636eE9891c6a165e3ef,3.4758209669036136e-05,6.765534598062885e-05,100.0,False,0.0001023553231558639
321,0xA44804c4d3d6D9Fa37102fD0aaE39d23de7a3839,3.4746757765682866e-05,6.763305534797315e-05,100.0,False,0.00010232159980590903
322,0x3018B55796b0B9F6B4fe6853561FD33B9261ff30,3.474658115223675e-05,6.763271157756852e-05,100.0,False,0.0001023210797179493
323,0x91A55D0048f101083405e81F4b46C90Bc7c3c45A,3.467985727680491e-05,6.750283645107341e-05,100.0,False,0.00010212459250249521
324,0xd353bDE2c00ca5EE95461031808aD34Bcb2c78cA,3.4678210498708595e-05,6.749963106900915e-05,100.0,False,0.00010211974310127981
325,0xB8EE2A367C4e7Be085b5b00f9A01a0935fA5Ca6F,3.4678210472425345e-05,6.749963101784994e-05,100.0,False,0.00010211974302388141
326,0xF252BF538e897aC26cb252907C356b4e8C7e661D,3.467684082542917e-05,6.749696505943954e-05,100.0,False,0.00010211570971312581
327,0x8637576EbDF8b8cb96de6a32C99cb8bDa61d2A11,3.467617302056317e-05,6.749566520626278e-05,100.0,False,0.00010211374317389622
328,0x2eFa8674a2EDBe2484a34CB77673239fad225985,3.4673609196256915e-05,6.74906748335674e-05,100.0,False,0.00010210619327222178
329,0xEee1599DBde66fa17a56b7A3006d641E1229E951,3.46736091702067e-05,6.749067478286177e-05,100.0,False,0.00010210619319550957
330,0xE2Ee5e6cfF9aF16A4388394547Fc06BF80395780,3.4673609144156474e-05,6.749067473215614e-05,100.0,False,0.00010210619311879738
331,0x58B61d71A801BEffe49Ed1A8E01A908be965Ca1B,3.4671810321677516e-05,6.748717340230255e-05,100.0,False,0.000102100895980139
332,0xB19C0C3334C18c8E5E779deFCaBBfAbCa73905F4,3.466261754067105e-05,6.74692800532078e-05,100.0,False,0.00010207382525124997
333,0x9A593a0e3372E16b19521c176889472919c3c78c,3.465799741407357e-05,6.746028717738355e-05,100.0,False,0.00010206021998920086
334,0xD299F46b223ba3047FEC3bA1D6D19f96D4f52127,3.46561725243017e-05,6.745673510867609e-05,100.0,False,0.00010205484608806778
335,0x8c97Da9740d23F9b126620c5EAd7F1c7E16340Ab,3.465617249224198e-05,6.745673504627325e-05,100.0,False,0.00010205484599365892
336,0x545E484a27C4E6777bF9baAB4C96f9E5E0D65FCD,3.461543925946629e-05,6.737744957724048e-05,100.0,False,0.00010193489553465548
337,0x353651A9e88ac04dC0AaFFBc24C7770e85AdF36d,3.4591807758047964e-05,6.733145188576781e-05,100.0,False,0.00010186530593302288
338,0xA931D7bDFd8cF6506ccF8e873E6fC60daB6E5A66,3.459139267507668e-05,6.733064394478638e-05,100.0,False,0.00010186408360448331
339,0xbe33903B7d7BeCC0f4B0fb6E7A88e88Db5567C18,3.4591392651342824e-05,6.733064389858946e-05,100.0,False,0.00010186408353459231
340,0xfC1166cD08aA556CB0Feb875ce3f2ac16070D869,3.4591392618114894e-05,6.733064383391273e-05,100.0,False,0.00010186408343674331
341,0x6Df371A2f66FE82Ad19bf56b8D66d3eD3bBdAe28,3.458781070508791e-05,6.732367179572607e-05,100.0,False,0.00010185353548652138
342,0x9F7CFADc7835EB2Af46b32e2035DDA0511b5B5cA,3.4568494789055605e-05,6.728607420383219e-05,100.0,False,0.00010179665433969695
343,0x98780411E33E19F5a5c0D8cEA44d1A1E9a2f949F,3.455903792618613e-05,6.726766683085704e-05,100.0,False,0.00010176880594749656
344,0x1BDB8adC0C51e7050f4b03f207947Bab6c7B545a,3.455452330883692e-05,6.725887932420354e-05,100.0,False,0.00010175551138710054
345,0x19DD2c36a632A1662523FC89776f0f3eec2e6B8a,3.4554484114805306e-05,6.725880303472273e-05,100.0,False,0.0001017553959692522
346,0x781CFaedAF9104fd9A2C4e1B4E4c2aE1ffb0E1F4,3.455448407547669e-05,6.725880295817129e-05,100.0,False,0.00010175539585343807
347,0x48b93C1c67a98267068d1E687Ba3a9E1593fc1a8,3.453199594855872e-05,6.721503079552025e-05,100.0,False,0.00010168917323956421
348,0xC9Bb7204aEA2Dadd450fFf02E63bbCdEc67F3dCC,3.452419114153728e-05,6.719983907752398e-05,100.0,False,0.00010166618979040339
349,0x4472D85886373dB0Eb89a5B24719c916d1B71186,3.448457664517551e-05,6.712273118034733e-05,100.0,False,0.00010154953376538442
350,0x2A7B3760651334bdc5020394a5A9536b5e904Da8,3.444883836848882e-05,6.705316817646964e-05,100.0,False,0.00010144429235927835
351,0xED80f39CC520f4258813cB4aaae6563661e19b12,3.4448838348143964e-05,6.705316813686925e-05,100.0,False,0.0001014442922993672
352,0xb5DD62c808B24E1974bD12Ef5C7B55646A8cC633,3.44481866660432e-05,6.7051899665955e-05,100.0,False,0.0001014423732381539
353,0xc9E53AB81B610E5Dfd0807c6b242Df84a3601932,3.444777025213097e-05,6.705108913435481e-05,100.0,False,0.00010144114699028447
354,0xF79998AD9B7b61294a1726f11f4897cFD9Ed20E7,3.444682801651803e-05,6.704925511364442e-05,100.0,False,0.00010143837231254444
355,0xBB79893F1ffabC81364a1965676643F8fed01f99,3.444607268816447e-05,6.704778489979925e-05,100.0,False,0.00010143614803579217
356,0xDA675a9888e16595C66C6c1DA684dF4e26f8aB69,3.444252469888291e-05,6.704087889271014e-05,100.0,False,0.00010142569998357875
357,0x8F9340E9342cd594Cf7867A5264c5F7f95E3716f,3.444118595342104e-05,6.703827308279457e-05,100.0,False,0.00010142175767108113
358,0x384622A685F3A265D013ceae61C4c9D3B6df23Ee,3.444045337354961e-05,6.703684714788214e-05,100.0,False,0.00010141960038363185
359,0xe89D4C442e3Fc8924903bee6cf81D567D2D6dd07,3.44387659826067e-05,6.703356271467532e-05,100.0,False,0.00010141463138646842
360,0xAe80216c79bD7bDAB18A9D2FBD1A2b82c4c2DAce,3.4438765966620044e-05,6.7033562683558e-05,100.0,False,0.00010141463133939122
361,0x0D786953463224C8Fc0C955b5460bE60f01b04b3,3.443876591699519e-05,6.703356258696536e-05,100.0,False,0.00010141463119325686
362,0xb83Ac7549db7774aB59117483933bCF11f27C090,3.4436249902774046e-05,6.702866527452481e-05,100.0,False,0.00010140722208182328
363,0xFF1882511a5673194b252c35f2530562f74F47e4,3.4436150915768774e-05,6.702847260061688e-05,100.0,False,0.00010140693058674889
364,0x1819d92211767BAf387fB0CcAaf318b7dBAcdD0b,3.443549037420424e-05,6.702718688514106e-05,100.0,False,0.00010140498543635308
365,0x5F78dE4676C52b2d0C17b50d5efee777AbCAc70c,3.443532334008433e-05,6.7026861760479e-05,100.0,False,0.0001014044935574133
366,0x92CBe89B5Cb1c22c2c16Bc465CaF34E3c80b617D,3.443511400953259e-05,6.702645430764878e-05,100.0,False,0.00010140387712473525
367,0x590Fe3Ec839E31d9D21433296e733971A615d98d,3.443511399370855e-05,6.702645427684798e-05,100.0,False,0.0001014038770781369
368,0x2Ea74591969F0bC580D451771163a3c27dF902B3,3.443422123715436e-05,6.702471656497717e-05,100.0,False,0.00010140124810539998
369,0x663EBA8A61cdDF13D8aD62e05dc0670a6c80A429,3.443412207756173e-05,6.702452355513544e-05,100.0,False,0.00010140095610209363
370,0xbe5Ab6EC8053251d7DC5A2B4DD4F9055266B2FeC,3.443412206178226e-05,6.702452352442139e-05,100.0,False,0.00010140095605562651
371,0x5B0486E6480ad08f9558021116DC1e84228591e7,3.438911582157135e-05,6.693692083194239e-05,100.0,False,0.00010126842252456486
372,0x21c69AB0962FAbd811b1f376eF85F5CAE5317eb2,3.438380177625964e-05,6.692657727346966e-05,100.0,False,0.00010125277382371624
373,0x780701198a234052292F1f7c03aA4787Be39E740,3.4383801759718816e-05,6.692657724127365e-05,100.0,False,0.00010125277377500715
374,0xE3DE117345f832f8c9c4A1fb070eE91234DFF91f,3.4353404160024534e-05,6.686740963327888e-05,100.0,False,0.00010116325949422292
375,0xF87acaEC6a9FE096e33592DBaaEfb5C096ef5668,3.435286826423118e-05,6.686636653538477e-05,100.0,False,0.00010116168139835352
376,0x25E6bc33060c1fEe8e08532D0c1C32c4cBF10E2c,3.435286794707675e-05,6.686636591805744e-05,100.0,False,0.00010116168046440312
377,0xF7a37305C9DCE3130cd4E30Ca3eE4D724D43eadc,3.4352867917381714e-05,6.686636586025734e-05,100.0,False,0.00010116168037695772
378,0x7eCb2bE93D804f0723a8B3B601504e92e3098323,3.435248907641599e-05,6.686562846276618e-05,100.0,False,0.0001011605647731956
379,0x07D6e8987A17B95EEe44fBd2B7bB65c34442a5c7,3.435169591557884e-05,6.686408460963431e-05,100.0,False,0.00010115822908805608
380,0x799dbD3d68bd7A85279E48c20318cc5857d6E12b,3.4351531973731976e-05,6.686376550394744e-05,100.0,False,0.00010115774631518384
381,0x77Bd5f4f5A0B2B8C5FDDaC85eF4eEDb657DBf1D6,3.43513315121391e-05,6.68633753141606e-05,100.0,False,0.00010115715599964935
382,0x421CC7B6224accb6C12280E3b697c65d9D60AD70,3.4351331474222626e-05,6.686337524035784e-05,100.0,False,0.00010115715588799364
383,0x1E1C5535CE8FB6c6Dd7a2713be9de434B9bFc2dE,3.4350867264541264e-05,6.686247167636822e-05,100.0,False,0.00010115578889204071
384,0x78FDE30585153202002431490A5765094702C0FF,3.434436039711545e-05,6.68498063414406e-05,100.0,False,0.00010113662759102887
385,0x568161F734aBF64d5654c79EBEaF2548206eFD12,3.434174895793729e-05,6.684472328846439e-05,100.0,False,0.00010112893747397372
386,0x8Ab1882333E36f4787876699288eb55fb3C2Bb82,3.434174894373801e-05,6.68447232608261e-05,100.0,False,0.00010112893743215992
387,0x43a66d39c830174AD5d06A68E2Fe21E748DEA8b3,3.434081455836191e-05,6.684290452026088e-05,100.0,False,0.00010112618587164997
388,0x81289035b2A56028ad488618B2FEe7d17f1cd2f1,3.434044958874667e-05,6.684219412275117e-05,100.0,False,0.00010112511111598029
389,0x49e2A70d202BC22C6e573fD172b3B44242E293E1,3.4340449577621706e-05,6.684219410109688e-05,100.0,False,0.00010112511108321968
390,0xC4a00668136E174F79939220997097512B23066D,3.434031273664051e-05,6.68419277460684e-05,100.0,False,0.00010112470811646785
391,0x9965680Df158c11a5e27bCC33aa3F462139c6Dec,3.4340136514711116e-05,6.684158473773407e-05,100.0,False,0.00010112418918143917
392,0xBB50690DB3897CA5b1F63cFf6e0C061B93f9bFbd,3.43389212268541e-05,6.683921923268604e-05,100.0,False,0.00010112061042457808
393,0x1930b7F236d94E872A0b9DED104Ba092D85A3856,3.433892121679325e-05,6.683921921310303e-05,100.0,False,0.00010112061039495109
394,0xC6326e5d3C128C38595134021A30af0C15916285,3.433872006479926e-05,6.68388276794804e-05,100.0,False,0.00010112001804633634
395,0x72789b9D7583a1ADD1Dc2093493f8D2a49255602,3.4338720053740966e-05,6.683882765795591e-05,100.0,False,0.00010112001801377211
396,0x681aA036B5b2d705fE4F6A59E5174dA71D1aE5aB,3.433872004268234e-05,6.683882763643077e-05,100.0,False,0.00010112001798120685
397,0x4A98C5763fD1cf17Be983D093B55549E77B27d68,3.430871875824634e-05,6.678043143887895e-05,100.0,False,0.00010103167076215334
398,0xC4be9875ca8Fa38BDcEE74d6cDd19B5CebD42A67,3.430676329899622e-05,6.677662522235119e-05,100.0,False,0.00010102591236247253
399,0xE31B1DFB272E23c9c3bcB06cad99603EaCB77c2F,3.4306503391755776e-05,6.677611932419237e-05,100.0,False,0.00010102514699251132
400,0x26bA93178cebd306f5677aBA2c7b3e4300496758,3.4306503293200376e-05,6.677611913235857e-05,100.0,False,0.00010102514670228723
401,0x3C795E4F750B15b61159E8f38dCA512256a021C7,3.430650327707254e-05,6.677611910096643e-05,100.0,False,0.0001010251466547943
402,0x708796e46B7204FbBDa072FE6980991F1B99C392,3.430612276296582e-05,6.677537844677896e-05,100.0,False,0.00010102402612399798
403,0xa5b7891cfebDCf04B62Ede5D68E7cE524d4Cdc86,3.430612275050697e-05,6.677537842252834e-05,100.0,False,0.00010102402608730937
404,0x02Fa32A94F034379673d949EBfa0C280F8403B5b,3.4304944724192636e-05,6.677308544545531e-05,100.0,False,0.00010102055705753948
405,0x2b749d044E42cf7974a3d7DAc16b39B5d88Fe0ce,3.430002090300585e-05,6.676350144129887e-05,100.0,False,0.00010100605748136646
406,0x64A778e38Dd49064D66a426D2dd752d78463543b,3.4277974185383306e-05,6.672058846267618e-05,100.0,False,0.00010094113472129714
407,0x46b4d316792344d4f1f54D20C4eAd3a8fd59F219,3.42779740951616e-05,6.672058828706354e-05,100.0,False,0.00010094113445561395
408,0xfd35624baf2F0b3755b7CfbeFEC7bF62f9761702,3.427764922392362e-05,6.671995593930415e-05,100.0,False,0.00010094017778089267
409,0x4820e8F84B94428aBAfEb4Ec43983DE3bdFf8e3B,3.427762346059044e-05,6.671990579209471e-05,100.0,False,0.00010094010191351289
410,0xc22E2e7f7714Bb08ced43e0a41B2dB13F45e715b,3.4277623452879984e-05,6.671990577708663e-05,100.0,False,0.00010094010189080728
411,0x398e792451c8C986e88E0cBf6b9f46fD698BF3ac,3.4277623445169185e-05,6.671990576207791e-05,100.0,False,0.00010094010186810066
412,0xcBf248983d465dA9cF6353Dfe09FB34C90fFF7fF,3.427762343745839e-05,6.671990574706918e-05,100.0,False,0.00010094010184539406
413,0x543F3B7233F461935255ba32F71b9D910F91f6A0,3.427762342974793e-05,6.67199057320611e-05,100.0,False,0.00010094010182268844
414,0x892955812b9EB88E7Fe01c4B8748F103EC5389FF,3.42776233449295e-05,6.671990556696572e-05,100.0,False,0.00010094010157291672
415,0x33A924165E1F2bE5142FD19d1b2f091CB23bfd3F,3.4277623313315436e-05,6.67199055054303e-05,100.0,False,0.0001009401014798202
416,0x1b7a0DA1D9c63D9B8209fa5cE98aC0D148960800,3.4277623288122494e-05,6.671990545639334e-05,100.0,False,0.00010094010140563253
417,0xcBE1532F6635710e8FC805b0D1a8c4e72990bEFE,3.427762327886961e-05,6.6719905438383e-05,100.0,False,0.00010094010137838479
418,0x5189bd02E3631c29bf3B49c4A92c9aE6ccC2c8A8,3.427757003997959e-05,6.671980181119511e-05,100.0,False,0.00010093994460150118
419,0x1400e81DD092aa65B183Da12259CC333fE8f645E,3.427588217188202e-05,6.671651644922745e-05,100.0,False,0.00010093497419922162
420,0x867DF8AE5fBe11bDEb0C6Ca5f116dBb8A57b51D3,3.427277253813806e-05,6.671046368215966e-05,100.0,False,0.00010092581700816404
421,0xdddA9CBFd063E947D23802138bb3a0dBD320385e,3.427150509287137e-05,6.670799665497828e-05,100.0,False,0.00010092208465914235
422,0x9de2FF856d00941F328EdBC58F0ba3fFF10f6116,3.427037947768413e-05,6.670580569388854e-05,100.0,False,0.00010091876996867536
423,0x2ec48F301c6d99217ccFa3209beB7e192533d504,3.426057311020939e-05,6.668671802537413e-05,100.0,False,0.0001008898923618763
424,0x97774b62789CcCBa78940C024aDf2a69006E376c,3.4250886921752355e-05,6.666786428009974e-05,100.0,False,0.00010086136865599188
425,0x98F93AD29d4Fe210b9D33E910335C88C333db87A,3.4250564091073886e-05,6.666723590420084e-05,100.0,False,0.00010086041799027192
426,0xb0555a0F25fA35f9BB80D519c36BE9E9ff45aC07,3.42499629072077e-05,6.666606572590764e-05,100.0,False,0.0001008586476353116
427,0xe67d3b0BDfd1D853FBcE6C0898b464e332a67B18,3.424996290009939e-05,6.666606571207162e-05,100.0,False,0.00010085864761437917
428,0xb577dFca930c6639D0a18BfF708D2F65ed24fF0e,3.424996226196677e-05,6.666606446997417e-05,100.0,False,0.00010085864573521822
429,0x08F236c3050E73f25f7FB828e2311EACb7aF8f5B,3.424996225485845e-05,6.666606445613816e-05,100.0,False,0.00010085864571428578
430,0xf6261D145Ec7676DC0E55424B679403F1Ca89640,3.42496396161736e-05,6.66654364539465e-05,100.0,False,0.00010085769561394503
431,0x1A97933f5fF25BC7849cef61ADdB20d598C5613C,3.4245468105947066e-05,6.665731679041016e-05,100.0,False,0.00010084541142896109
432,0x94E4e07074D1cD970723C7A66E7688c32DFdEfa7,3.42454606277135e-05,6.665730223435321e-05,100.0,False,0.00010084538940719932
433,0x430FB31c133161162278d9271cDd15DD1925e2dd,3.4245460620694305e-05,6.665730222069066e-05,100.0,False,0.00010084538938652933
434,0xE5Ad76F97CFB51344238C5f1b2408d217BC36694,3.424545116146652e-05,6.665728380871447e-05,100.0,False,0.00010084536153117293
435,0x75Dd1bB13c6A9b90078144532Ef5ea241BAD90b8,3.4244367828074334e-05,6.665517514730301e-05,100.0,False,0.00010084217135134211
436,0x8306D7B380AdA3F71b1d0B53b39F9d8319C08832,3.4242785351406596e-05,6.665209492517761e-05,100.0,False,0.00010083751130376613
437,0x15c27ED229C6C345748603EA5DD53F6eb18B7Eb7,3.424270024834265e-05,6.665192927575866e-05,100.0,False,0.00010083726069386149
438,0xb0dDAB71AE6881E22891666Ce1849C6839ffCDc8,3.424163325517849e-05,6.66498524198916e-05,100.0,False,0.00010083411863242729
439,0x466064ab0366a325d34926321958C7068708a1AE,3.424163323453529e-05,6.66498523797105e-05,100.0,False,0.00010083411857163758
440,0x464F27C7c5983541B3C6CD1cd0fe264A48a1271D,3.424128564517463e-05,6.664917581211167e-05,100.0,False,0.00010083309499701519
441,0xF98bA4e9C697b61539Ee00f982cdFB9f241F4238,3.424118949654466e-05,6.664898866297805e-05,100.0,False,0.00010083281186033513
442,0x6D6B6FE1450D471d707dDEafc73F96fD7B84B209,3.424097833264076e-05,6.664857764160748e-05,100.0,False,0.00010083219002883609
443,0x139574b23f907867D9661510B64b2Ea27d202af8,3.4240445653010294e-05,6.66475408038348e-05,100.0,False,0.00010083062140386277
444,0x489D69939b4Aca357f630055e351A81F1Fbb7Fb6,3.423967266986532e-05,6.664603622570466e-05,100.0,False,0.00010082834513761223
445,0x4420aCB8F341c8165FF46255e8372D5684DF53AE,3.423897123662378e-05,6.664467091635498e-05,100.0,False,0.00010082627957017381
446,0xd4c0C627684003d72639B856BB62a937293e5C87,3.4238971229824016e-05,6.664467090311954e-05,100.0,False,0.00010082627955015
447,0xA8C925EF7C8a4d11CF59651328D5160D6b341407,3.423897121976656e-05,6.664467088354316e-05,100.0,False,0.00010082627952053304
448,0xFe95B3f443B57d04718767735DB3EB7048B2337F,3.423897118576809e-05,6.664467081736661e-05,100.0,False,0.00010082627942041495
449,0x1092344BD96F351a00D07e75fa4974076342b779,3.423895360890758e-05,6.664463660477078e-05,100.0,False,0.00010082622766040614
450,0x8847EBaaf29A18396e49191602f8d8D141b98aa7,3.423895360210815e-05,6.664463659153599e-05,100.0,False,0.00010082622764038335
451,0xA42fc4cA35DBE3c9c529c6509445Fe7664E22bb9,3.4238953595308735e-05,6.664463657830122e-05,100.0,False,0.00010082622762036053
452,0xC357236Ed6f97F3810127A345E084ba1f06aBAAf,3.4238936624980706e-05,6.664460354629453e-05,100.0,False,0.00010082617764645725
453,0xB5526cefB46E8f574c1704D48657711eAeC646Da,3.423893661818231e-05,6.664460353306174e-05,100.0,False,0.00010082617762643744
454,0xE41e2e8813FfBb2151F34944f563585644FD206B,3.423891093565227e-05,6.66445535431321e-05,100.0,False,0.00010082610199700523
455,0x80D94B1019a6F2E0674b8807363eD7ca2e5A2C46,3.423891092885387e-05,6.664455352989932e-05,100.0,False,0.00010082610197698542
456,0xe408F784458eA8BECF9F12872eA78f10e06cfBA8,3.4238879581997366e-05,6.664449251460415e-05,100.0,False,0.00010082600966735101
457,0x08b7Ab9bbC3a07cF7f75b4aCEC5b536b7e040Cfc,3.423883536244514e-05,6.664440644316568e-05,100.0,False,0.00010082587945044397
458,0xd9e438A14bCd8b22782f8C8348F5690f3a31289c,3.423883535564912e-05,6.664440642993752e-05,100.0,False,0.00010082587943043117
459,0xC23F78C43b810f3A29168d5652C34f387D44dda3,3.423787501578038e-05,6.664253717007927e-05,100.0,False,0.00010082305143961863
460,0x80bb6FAa87B9Ae4F5f6E192eb497400B859c4f15,3.423787500901327e-05,6.66425371569074e-05,100.0,False,0.00010082305141969097
461,0xAb5033097D6dFcbb4F0218c3670FEEdb8BF27eAa,3.423787500224651e-05,6.664253714373619e-05,100.0,False,0.00010082305139976435
462,0xB3430b686daA829162D2aba22C815Ad3B5882f00,3.423758708364985e-05,6.66419767226887e-05,100.0,False,0.00010082220354248733
463,0xC9652D991e1B66Ff7cD9054Ec075E256Aff0cBE5,3.423505036973603e-05,6.663703911919511e-05,100.0,False,0.00010081473347498744
464,0x205e54D648157A77efDA3d4d9a031Afa093194C5,3.423183013895781e-05,6.663077107980205e-05,100.0,False,0.00010080525059986011
465,0xcF9225A613a03D405A1b8182FfCDEF9682fb59EC,3.423183011006052e-05,6.663077102355473e-05,100.0,False,0.0001008052505147639
466,0x154d455D70Dfe6c8E2987946fdA471DA30cBeD03,3.423183006609305e-05,6.663077093797396e-05,100.0,False,0.00010080525038528935
467,0x078B8Ff955e3cf77550Bf2f2eDFc0AAcbc29ADc6,3.423178499510257e-05,6.663068320924789e-05,100.0,False,0.00010080511766108288
468,0xa8204bD4ee832E2fBF87B35b51A3DBA7Bf8B5787,3.423158183419069e-05,6.66302877653538e-05,100.0,False,0.00010080451939664447
469,0x4872A286645a3733Daff9aBC1D196Fd4704B5C9B,3.423157914558127e-05,6.663028253209229e-05,100.0,False,0.00010080451147927794
470,0xA2DE8A1234edaC229bf30FEC1a95ccFB3af69cd8,3.423157894222285e-05,6.663028213626395e-05,100.0,False,0.00010080451088043188
471,0x1CBD934Eaf49FE310Ba4E27606029c9dEF0168E3,3.4231578924850256e-05,6.663028210244895e-05,100.0,False,0.00010080451082927339
472,0xff879CA9C84D976dB7E0180436e3a689eD70E1D2,3.423046164787707e-05,6.662810737133085e-05,100.0,False,0.00010080122069302256
473,0x3e181083A405B2fC93322895d4848e63040Fa63f,3.423046157560424e-05,6.662810723065492e-05,100.0,False,0.00010080122048019493
474,0x89d67EeF9FeC1Df2403851dFF42308D0BcE3D6Ce,3.423042246823625e-05,6.662803110986112e-05,100.0,False,0.00010080110531755201
475,0x2d040D4747a71012007b905917CB4Aa061d6e631,3.422713162406916e-05,6.66216256245725e-05,100.0,False,0.00010079141450144309
476,0x1740735D7ff5790024d6bcaa69589b14B2C394E9,3.422713147331875e-05,6.662162533114339e-05,100.0,False,0.00010079141405751612
477,0x1BDa0a00d113eee140757AA5603c7ccA15295153,3.4227131449930194e-05,6.662162528561858e-05,100.0,False,0.00010079141398864192
478,0xD512e0AeeA0228a35253ECE18e40192E434C61fd,3.4227131353591486e-05,6.662162509809947e-05,100.0,False,0.00010079141370494551
479,0xE51104da7e246d30111Cc83F396C37515765B139,3.422710843440089e-05,6.662158048689008e-05,100.0,False,0.00010079134621294342
480,0x36Dd77F64A2Cd3605f47FDE256db39062eE23420,3.4218903967626546e-05,6.660561084853728e-05,100.0,False,0.00010076718585324692
481,0x66b279A073847948893f95413ab1A74c1e51b874,3.421890395365825e-05,6.660561082134861e-05,100.0,False,0.00010076718581211336
482,0x519dB92F9dB437A75a6Cc1733e451AE0bd39B0AC,3.420411652315571e-05,6.657682772991957e-05,100.0,False,0.00010072364006444267
483,0x08fc9477fE3819126b941cA3FdF9fcCf6C801F66,3.419853753016281e-05,6.656596846228892e-05,100.0,False,0.00010070721115063757
484,0x53d09055E5B96B676816b1bCBBc20fF00df6F8Ab,3.4193490433416896e-05,6.655614450760905e-05,100.0,False,0.00010069234855491283
485,0x13224F6760C29f4Da18ee3Fc5436e64010f0c1b0,3.418715785549074e-05,6.654381841962514e-05,100.0,False,0.00010067370049834682
486,0x4d04a3Bfd8D9EEC765412CB03a3020215ea58156,3.418715780126308e-05,6.654381831407334e-05,100.0,False,0.00010067370033865819
487,0x1FC94C42ed185BfdB26881b59f2A2948B3354aBA,3.4187103603621155e-05,6.654371282071652e-05,100.0,False,0.00010067354073845997
488,0x7cD9fF84ABF2B23E825154Aca2A62fAfe185Bd5E,3.418710359869279e-05,6.654371281112366e-05,100.0,False,0.00010067354072394701
489,0x3AB7Fcd5798713A03887661dc495B5f82092feAB,3.418663492410656e-05,6.654280055639059e-05,100.0,False,0.00010067216057982609
490,0xEadAa45fC7e8912d8AabF415205830f6b567610b,3.41866348684756e-05,6.654280044810735e-05,100.0,False,0.00010067216041600509
491,0x73165a7BF621F466C63F6A0c8F08e969772c2a6D,3.418663486355914e-05,6.654280043853766e-05,100.0,False,0.0001006721604015272
492,0x321614602Ff49B672287e670ee361AB94865ebcb,3.418663382614799e-05,6.65427984192619e-05,100.0,False,0.0001006721573465783
493,0x5e6A70BcE4f53A3f56E9047F1378d8Eba6eCf79B,3.4185640894171465e-05,6.654086572028095e-05,100.0,False,0.00010066923337913878
494,0xbBAe3591144357F6Ca3d87cf1B8e1b07A03116Be,3.418442758964818e-05,6.653850407570593e-05,100.0,False,0.00010066566046276163
495,0x28D59cDC5cb8BaD8f348c05448E2FC090D8D9601,3.4171110251126014e-05,6.651258245448787e-05,100.0,False,0.00010062644381434986
496,0xc293Bb411caDaFb8badEc8Cfe91D56ACE3b408E3,3.4170897345349346e-05,6.651216804263759e-05,100.0,False,0.00010062581685341662
497,0x5b49E6965Be107636b1c4e5045D5F36F7ef1897b,3.4170633584108016e-05,6.651165464283338e-05,100.0,False,0.00010062504013426595
498,0xaE256cD2d13353e549d09aEA8D4105c8d1cc09d8,3.417063357959366e-05,6.65116546340464e-05,100.0,False,0.00010062504012097217
499,0x31c5640258BbDa28c421f9d102e0966BD581C39c,3.416162928777319e-05,6.64941281709683e-05,100.0,False,0.00010059852445149868
500,0x5f1bF06BA6aeB4396f04745121f6C420bfa2a588,3.4161629281902486e-05,6.649412815954124e-05,100.0,False,0.00010059852443421077
501,0xbbc64b125d9582ac40850F81016EEDAbDF69aC02,3.415765981247458e-05,6.648640175964718e-05,100.0,False,0.00010058683521517678
502,0xceC771B3AB9204c4EB0B731111658e7C8bA539cF,3.415765083105871e-05,6.648638427771113e-05,100.0,False,0.00010058680876687194
503,0x9ec14a04Cb7822b56BEf9D46357604b6F3A673CC,3.415607748836912e-05,6.648332183447761e-05,100.0,False,0.00010058217561686333
504,0x150b7e512654167f92D27B3f0F5fb14F131184EA,3.4148215355321655e-05,6.646801853386067e-05,100.0,False,0.00010055902335509753
505,0x59070F02Fa3693Bb7af1A41e80cC0aE3f1509E4b,3.414821534987994e-05,6.646801852326861e-05,100.0,False,0.00010055902333907287
506,0xbAAC5a60066184d4F52D5ded58ffc5F258fFE414,3.4147240789345186e-05,6.646612158350142e-05,100.0,False,0.00010055615347151011
507,0xAcFEa5Dd8FB15D893FEF331391c8DF21Df719603,3.4145566724282383e-05,6.646286308854162e-05,100.0,False,0.00010055122371614817
508,0x9FF38559bff25022f27Dd4d469Fd4561eAA816B7,3.414391849550869e-05,6.645965488279682e-05,100.0,False,0.00010054637004300528
509,0x3cFF25215E85B9cA0C07A7c1bA8643319Be80AA8,3.414236646691328e-05,6.645663392652219e-05,100.0,False,0.00010054179965834094
510,0x8b31e0f7FAeD8de8f0A1DDA697750Ea923A93740,3.4141313745238486e-05,6.645458484948953e-05,100.0,False,0.00010053869962332064
511,0xb5F7220949635edcB7A0c149df197A748E3D2983,3.414099270708944e-05,6.645395996267132e-05,100.0,False,0.00010053775423620769
512,0x803f859CE7874994fE9e94189202eF38e3c6E1Af,3.4140635936539073e-05,6.645326552428537e-05,100.0,False,0.00010053670362499029
513,0x7395987B2853E625bd12b43AeE453106089daD6C,3.414063593136305e-05,6.645326551421048e-05,100.0,False,0.00010053670360974803
514,0xf4cFA4CeD07Cf430903c851603424041649C78C0,3.414063592618737e-05,6.645326550413624e-05,100.0,False,0.00010053670359450678
515,0x2B840A936af74B20541Aa3BD820Bf488AF1A6715,3.4139672641260724e-05,6.645139051185064e-05,100.0,False,0.00010053386693114304
516,0xf3119222FefD46875391333Ed596246194717f70,3.41396724763937e-05,6.645139019094413e-05,100.0,False,0.0001005338664456457
517,0x5dC506e8BF8CdD0Ab6faB477443BE1032a1a8539,3.413967247120577e-05,6.645139018084605e-05,100.0,False,0.00010053386643036838
518,0x959740D1608c4124CEE7d1319D413F3348f221Ae,3.413967245836589e-05,6.645139015585378e-05,100.0,False,0.00010053386639255773
519,0xF5D13B0477C1ca0722cf1eD8879CC3C26530c5e9,3.413965323808493e-05,6.645135274441142e-05,100.0,False,0.00010053380979303526
520,0x29bCCe0253c52780452103BcF09C60d848bDD91d,3.4138981154636674e-05,6.645004456316006e-05,100.0,False,0.000100531830654317
521,0x07bb98C1c3dBbDdBe0BEf1a8043F705EcC3D4273,3.4136993891584166e-05,6.644617644191182e-05,100.0,False,0.00010052597859939609
522,0xEab02859973E6b37025bd2f79ac048bC37cE6998,3.413652719078077e-05,6.644526802906133e-05,100.0,False,0.00010052460426763382
523,0x34F9C0B11e67d72AD65C41Ff90A6989846f28c22,3.413652718573912e-05,6.644526801924798e-05,100.0,False,0.00010052460425278725
524,0xA16878Bb974e7E0a9a1eeAe45aF80991a2a7800d,3.4136527180697466e-05,6.644526800943462e-05,100.0,False,0.00010052460423794072
525,0xFc7291E835409d4A1d66e6e2daB50A447212f3Cd,3.413375129083805e-05,6.64398648603475e-05,100.0,False,0.00010051642984960736
526,0xFD5fE298cD5255BE0203B73A0C917B6736A27c06,3.41337512858777e-05,6.643986485069241e-05,100.0,False,0.00010051642983500025
527,0xF232a4929942deCde4aB59c779f6B4393e64359c,3.4133751280917705e-05,6.643986484103798e-05,100.0,False,0.0001005164298203941
528,0x7d99513d132c0030cFE254Bb36fc2AEbf2A51831,3.413328872994604e-05,6.643896450565478e-05,100.0,False,0.0001005150677089784
529,0xDbB9b22678dB779942d88B0c35489e33Ab685483,3.413310493376279e-05,6.643860675436419e-05,100.0,False,0.00010051452646942922
530,0x285e36a6a0dEb70c83291d0AA02b4D20ba3ef907,3.413310492882456e-05,6.643860674475214e-05,100.0,False,0.0001005145264548872
531,0x6b7Aa5D572fbCB67252165Def631305E00C49f7b,3.413310491400987e-05,6.6438606715916e-05,100.0,False,0.00010051452641126117
532,0xcb4d5E7026C3F86348C80D918bA9E511295399f1,3.4133104909071976e-05,6.64386067063046e-05,100.0,False,0.00010051452639672017
533,0x13b3fF6f1d996eAf36022eA2a92669e1371E46d7,3.413310490413341e-05,6.643860669669188e-05,100.0,False,0.00010051452638217717
534,0xbF923438A135a99712D4c4b3DB413a0817a90f99,3.413310489919483e-05,6.643860668707917e-05,100.0,False,0.00010051452636763415
535,0xFAee289c8a5fe008c0CE4f9dad3FAF7aF014Bb93,3.413280010731918e-05,6.643801342292674e-05,100.0,False,0.00010051362882224199
536,0xeb2913Edd64F88813C873Bf4320FC03C4e49bdcD,3.413280010238775e-05,6.643801341332792e-05,100.0,False,0.00010051362880772001
537,0xaecE35fb29cE6bF63A753E0682363C77976c668B,3.413223295410485e-05,6.643690948381982e-05,100.0,False,0.00010051195868010623
538,0x000566B53E028d21e104E4320dE61c2314ef4064,3.412262275537409e-05,6.641820364924828e-05,100.0,False,0.00010048365874734085
539,0x0D8AA7066ae68e029D3097e2241AB739aD058fd7,3.403873999723192e-05,6.625492950256595e-05,100.0,False,0.00010023664237628492
